deg_azim_err_list,deg_azim_err_mean,deg_azim_err_sem,deg_elev_err_list,deg_elev_err_mean,deg_elev_err_sem,deg_err_list,deg_err_mean,deg_err_sem,fn_eval_list,pct_correct_list,pct_correct_mean,pct_correct_sem,smoothed,tag_model
,,,,,,,,,"['S1', 'S2', 'S3', 'S4']","[80.4304636275, 70.3842638225, 77.8962871025, 85.19712900249999]",78.47703588875,3.0930804528952875,8,human
,,,,,,,,,"['S1', 'S2', 'S3', 'S4']","[63.6264597475, 56.5971367625, 63.26443453, 65.2254044625]",62.178358875625,1.90855712399623,16,human
,,,,,,,,,"['S1', 'S2', 'S3', 'S4']","[56.1446052375, 50.59355189, 54.57582929, 54.45515422]",53.942285159375004,1.1807003950596173,32,human
,,,,,,,,,"['S1', 'S2', 'S3', 'S4']","[53.5802599425, 48.30072551, 52.0114839975, 54.7266731325]",52.154785645625,1.400026699375307,64,human
,,,,,,,,,"['S1', 'S2', 'S3', 'S4']","[51.347771095, 53.3690785625, 50.0806828325, 48.75325703]",50.88769738,0.9821756667251439,128,human
,,,,,,,,,"['S1', 'S2', 'S3', 'S4']","[50.1711891375, 51.558952475, 53.5802599425, 48.723088265]",51.008372455,1.0344540968930787,256,human
,,,,,,,,,"['S1', 'S2', 'S3', 'S4']","[54.666335595, 48.0593753625, 51.7701338525, 52.0114839975]",51.626832201875004,1.3581182307569066,512,human
,,,,,,,,,"['S1', 'S2', 'S3', 'S4']","[50.3220329775, 51.860640155, 52.58469059, 50.50304559]",51.317602328125,0.5442934071135453,1024,human
"[17.952643171806166, 17.608480176211454, 24.881607929515418, 11.71090308370044, 13.873898678414097, 15.484581497797357, 14.314427312775331, 16.333700440528634, 21.004955947136565, 24.237334801762113]",17.740253303964757,1.3905884565103817,"[15.75, 17.991189427312776, 18.33920704845815, 19.07819383259912, 17.4636563876652, 17.33259911894273, 16.812775330396477, 18.625550660792953, 19.07488986784141, 18.446035242290748]",17.891409691629956,0.33516931964914026,"[24.2652665675164, 25.057456389235497, 31.92481820793578, 22.538707692802483, 23.732157625704627, 23.914676935885815, 22.114095851961764, 26.037524102415524, 28.60750336640012, 29.907612286265913]",25.80998190261239,1.0396713316530837,"['models/sound_localization/IHC3000_delayed_integration/arch01/EVAL_PSYCHOPHYSICSv00_spectral_smoothing.json', 'models/sound_localization/IHC3000_delayed_integration/arch02/EVAL_PSYCHOPHYSICSv00_spectral_smoothing.json', 'models/sound_localization/IHC3000_delayed_integration/arch03/EVAL_PSYCHOPHYSICSv00_spectral_smoothing.json', 'models/sound_localization/IHC3000_delayed_integration/arch04/EVAL_PSYCHOPHYSICSv00_spectral_smoothing.json', 'models/sound_localization/IHC3000_delayed_integration/arch05/EVAL_PSYCHOPHYSICSv00_spectral_smoothing.json', 'models/sound_localization/IHC3000_delayed_integration/arch06/EVAL_PSYCHOPHYSICSv00_spectral_smoothing.json', 'models/sound_localization/IHC3000_delayed_integration/arch07/EVAL_PSYCHOPHYSICSv00_spectral_smoothing.json', 'models/sound_localization/IHC3000_delayed_integration/arch08/EVAL_PSYCHOPHYSICSv00_spectral_smoothing.json', 'models/sound_localization/IHC3000_delayed_integration/arch09/EVAL_PSYCHOPHYSICSv00_spectral_smoothing.json', 'models/sound_localization/IHC3000_delayed_integration/arch10/EVAL_PSYCHOPHYSICSv00_spectral_smoothing.json']",,,,1,models/sound_localization/IHC3000_delayed_integration/arch??
"[13.004955947136564, 13.752202643171806, 14.645374449339206, 8.728524229074889, 13.57488986784141, 13.349118942731277, 9.547356828193832, 13.11398678414097, 13.920704845814978, 14.586453744493392]",12.822356828193833,0.6407779811783922,"[17.47466960352423, 17.752202643171806, 19.205947136563875, 17.897577092511014, 19.166299559471366, 18.47797356828194, 17.26431718061674, 18.037444933920703, 21.548458149779737, 18.696035242290748]",18.552092511013218,0.39386232964167484,"[22.349555937918407, 22.948130745562835, 26.281409825417835, 20.28659333781664, 24.166848991897922, 23.315364479303383, 20.22377022395174, 23.27538614978371, 25.67709422649424, 23.77506798256858]",23.229922190071527,0.6239586562162843,"['models/sound_localization/IHC3000_delayed_integration/arch01/EVAL_PSYCHOPHYSICSv00_spectral_smoothing.json', 'models/sound_localization/IHC3000_delayed_integration/arch02/EVAL_PSYCHOPHYSICSv00_spectral_smoothing.json', 'models/sound_localization/IHC3000_delayed_integration/arch03/EVAL_PSYCHOPHYSICSv00_spectral_smoothing.json', 'models/sound_localization/IHC3000_delayed_integration/arch04/EVAL_PSYCHOPHYSICSv00_spectral_smoothing.json', 'models/sound_localization/IHC3000_delayed_integration/arch05/EVAL_PSYCHOPHYSICSv00_spectral_smoothing.json', 'models/sound_localization/IHC3000_delayed_integration/arch06/EVAL_PSYCHOPHYSICSv00_spectral_smoothing.json', 'models/sound_localization/IHC3000_delayed_integration/arch07/EVAL_PSYCHOPHYSICSv00_spectral_smoothing.json', 'models/sound_localization/IHC3000_delayed_integration/arch08/EVAL_PSYCHOPHYSICSv00_spectral_smoothing.json', 'models/sound_localization/IHC3000_delayed_integration/arch09/EVAL_PSYCHOPHYSICSv00_spectral_smoothing.json', 'models/sound_localization/IHC3000_delayed_integration/arch10/EVAL_PSYCHOPHYSICSv00_spectral_smoothing.json']",,,,2,models/sound_localization/IHC3000_delayed_integration/arch??
"[14.055616740088105, 14.146475770925111, 10.322687224669604, 9.240638766519824, 10.916299559471366, 11.422907488986784, 9.405837004405287, 10.834251101321586, 9.629955947136564, 10.822687224669604]",11.079735682819384,0.5516719595182307,"[14.16409691629956, 13.623348017621145, 10.820484581497798, 14.59691629955947, 15.834801762114537, 12.123348017621145, 12.810572687224669, 12.198237885462555, 13.53193832599119, 10.146475770925111]",12.985022026431718,0.5472228262821567,"[20.331552151008076, 19.453114477339696, 15.454329787922745, 17.344434139952313, 20.03456474636801, 17.076238804065703, 15.901873118306465, 16.948141439520356, 16.63227323365791, 14.7083177382721]",17.388483963641338,0.6139629180999591,"['models/sound_localization/IHC3000_delayed_integration/arch01/EVAL_PSYCHOPHYSICSv00_spectral_smoothing.json', 'models/sound_localization/IHC3000_delayed_integration/arch02/EVAL_PSYCHOPHYSICSv00_spectral_smoothing.json', 'models/sound_localization/IHC3000_delayed_integration/arch03/EVAL_PSYCHOPHYSICSv00_spectral_smoothing.json', 'models/sound_localization/IHC3000_delayed_integration/arch04/EVAL_PSYCHOPHYSICSv00_spectral_smoothing.json', 'models/sound_localization/IHC3000_delayed_integration/arch05/EVAL_PSYCHOPHYSICSv00_spectral_smoothing.json', 'models/sound_localization/IHC3000_delayed_integration/arch06/EVAL_PSYCHOPHYSICSv00_spectral_smoothing.json', 'models/sound_localization/IHC3000_delayed_integration/arch07/EVAL_PSYCHOPHYSICSv00_spectral_smoothing.json', 'models/sound_localization/IHC3000_delayed_integration/arch08/EVAL_PSYCHOPHYSICSv00_spectral_smoothing.json', 'models/sound_localization/IHC3000_delayed_integration/arch09/EVAL_PSYCHOPHYSICSv00_spectral_smoothing.json', 'models/sound_localization/IHC3000_delayed_integration/arch10/EVAL_PSYCHOPHYSICSv00_spectral_smoothing.json']",,,,4,models/sound_localization/IHC3000_delayed_integration/arch??
"[8.943281938325992, 10.735132158590309, 8.592511013215859, 7.561674008810573, 8.627202643171806, 9.514867841409691, 8.17180616740088, 9.030837004405287, 7.505506607929515, 9.92125550660793]",8.860407488986784,0.3201911530153275,"[10.28193832599119, 10.613436123348018, 8.888766519823788, 11.017621145374449, 10.668502202643172, 9.14977973568282, 9.965859030837004, 10.147577092511014, 9.525330396475772, 9.56387665198238]",9.98226872246696,0.21937463800638318,"[13.849716707064994, 15.386810187551518, 12.754256228386476, 13.789036397490566, 14.668998460818834, 13.386400517889133, 13.16879907553817, 14.021054414416486, 12.347345367770211, 13.972869014428085]",13.734528637135446,0.2805721388627982,"['models/sound_localization/IHC3000_delayed_integration/arch01/EVAL_PSYCHOPHYSICSv00_spectral_smoothing.json', 'models/sound_localization/IHC3000_delayed_integration/arch02/EVAL_PSYCHOPHYSICSv00_spectral_smoothing.json', 'models/sound_localization/IHC3000_delayed_integration/arch03/EVAL_PSYCHOPHYSICSv00_spectral_smoothing.json', 'models/sound_localization/IHC3000_delayed_integration/arch04/EVAL_PSYCHOPHYSICSv00_spectral_smoothing.json', 'models/sound_localization/IHC3000_delayed_integration/arch05/EVAL_PSYCHOPHYSICSv00_spectral_smoothing.json', 'models/sound_localization/IHC3000_delayed_integration/arch06/EVAL_PSYCHOPHYSICSv00_spectral_smoothing.json', 'models/sound_localization/IHC3000_delayed_integration/arch07/EVAL_PSYCHOPHYSICSv00_spectral_smoothing.json', 'models/sound_localization/IHC3000_delayed_integration/arch08/EVAL_PSYCHOPHYSICSv00_spectral_smoothing.json', 'models/sound_localization/IHC3000_delayed_integration/arch09/EVAL_PSYCHOPHYSICSv00_spectral_smoothing.json', 'models/sound_localization/IHC3000_delayed_integration/arch10/EVAL_PSYCHOPHYSICSv00_spectral_smoothing.json']",,,,8,models/sound_localization/IHC3000_delayed_integration/arch??
"[5.923458149779735, 11.873348017621145, 6.104074889867841, 5.591960352422907, 6.520925110132159, 4.914096916299559, 4.58590308370044, 5.757709251101321, 5.176211453744493, 5.684471365638767]",6.213215859030837,0.6541483246982072,"[5.488986784140969, 8.165198237885463, 7.075991189427313, 7.1949339207048455, 8.115638766519824, 5.320484581497797, 5.277533039647577, 7.16409691629956, 6.350220264317181, 5.270925110132159]",6.542400881057269,0.3660875431927467,"[8.110728256170741, 14.259904716405119, 9.367499532254808, 9.27022804742372, 10.723411518587733, 7.3543086473905745, 7.190613477986817, 9.310946885518023, 8.213441127713715, 7.8752038263212665]",9.167628603577253,0.6609533822062433,"['models/sound_localization/IHC3000_delayed_integration/arch01/EVAL_PSYCHOPHYSICSv00_spectral_smoothing.json', 'models/sound_localization/IHC3000_delayed_integration/arch02/EVAL_PSYCHOPHYSICSv00_spectral_smoothing.json', 'models/sound_localization/IHC3000_delayed_integration/arch03/EVAL_PSYCHOPHYSICSv00_spectral_smoothing.json', 'models/sound_localization/IHC3000_delayed_integration/arch04/EVAL_PSYCHOPHYSICSv00_spectral_smoothing.json', 'models/sound_localization/IHC3000_delayed_integration/arch05/EVAL_PSYCHOPHYSICSv00_spectral_smoothing.json', 'models/sound_localization/IHC3000_delayed_integration/arch06/EVAL_PSYCHOPHYSICSv00_spectral_smoothing.json', 'models/sound_localization/IHC3000_delayed_integration/arch07/EVAL_PSYCHOPHYSICSv00_spectral_smoothing.json', 'models/sound_localization/IHC3000_delayed_integration/arch08/EVAL_PSYCHOPHYSICSv00_spectral_smoothing.json', 'models/sound_localization/IHC3000_delayed_integration/arch09/EVAL_PSYCHOPHYSICSv00_spectral_smoothing.json', 'models/sound_localization/IHC3000_delayed_integration/arch10/EVAL_PSYCHOPHYSICSv00_spectral_smoothing.json']",,,,16,models/sound_localization/IHC3000_delayed_integration/arch??
"[3.444383259911894, 12.169052863436123, 2.5038546255506606, 3.0952643171806167, 4.119493392070484, 2.513215859030837, 3.4025330396475773, 2.890969162995594, 3.0313876651982374, 3.6393171806167395]",4.080947136563877,0.9123451574292101,"[3.306167400881057, 5.227973568281938, 2.288546255506608, 2.686123348017621, 4.3722466960352415, 2.158590308370044, 1.736784140969163, 3.6222466960352424, 2.488986784140969, 1.9174008810572685]",2.9805066079295153,0.36002440717408823,"[4.870946721150991, 12.893289936883596, 3.6726715416749345, 4.311549850134842, 6.14409968845842, 3.40327081393138, 3.499260152276135, 4.923869987672959, 4.0464134749414065, 4.119182920648283]",5.188455508777294,0.8944457034752589,"['models/sound_localization/IHC3000_delayed_integration/arch01/EVAL_PSYCHOPHYSICSv00_spectral_smoothing.json', 'models/sound_localization/IHC3000_delayed_integration/arch02/EVAL_PSYCHOPHYSICSv00_spectral_smoothing.json', 'models/sound_localization/IHC3000_delayed_integration/arch03/EVAL_PSYCHOPHYSICSv00_spectral_smoothing.json', 'models/sound_localization/IHC3000_delayed_integration/arch04/EVAL_PSYCHOPHYSICSv00_spectral_smoothing.json', 'models/sound_localization/IHC3000_delayed_integration/arch05/EVAL_PSYCHOPHYSICSv00_spectral_smoothing.json', 'models/sound_localization/IHC3000_delayed_integration/arch06/EVAL_PSYCHOPHYSICSv00_spectral_smoothing.json', 'models/sound_localization/IHC3000_delayed_integration/arch07/EVAL_PSYCHOPHYSICSv00_spectral_smoothing.json', 'models/sound_localization/IHC3000_delayed_integration/arch08/EVAL_PSYCHOPHYSICSv00_spectral_smoothing.json', 'models/sound_localization/IHC3000_delayed_integration/arch09/EVAL_PSYCHOPHYSICSv00_spectral_smoothing.json', 'models/sound_localization/IHC3000_delayed_integration/arch10/EVAL_PSYCHOPHYSICSv00_spectral_smoothing.json']",,,,32,models/sound_localization/IHC3000_delayed_integration/arch??
"[3.053964757709251, 13.876101321585903, 2.199339207048458, 2.640969162995595, 2.8381057268722465, 2.398678414096916, 2.892621145374449, 1.9091409691629952, 2.2384361233480172, 3.3298458149779737]",3.7377202643171805,1.134794254306963,"[1.8799559471365637, 4.1960352422907485, 0.8458149779735683, 1.6046255506607927, 1.1343612334801763, 1.1068281938325992, 1.2874449339207046, 1.3193832599118942, 0.7698237885462555, 1.614537444933921]",1.5758810572687225,0.3110314688533911,"[3.5021298350026324, 13.603595321073872, 2.2017040394551133, 3.089745631313827, 2.72111444762757, 2.4766763544923505, 2.920702698439347, 2.4456294957617706, 2.081765736495717, 3.648694879629752]",3.8691758439291952,1.0939645081758882,"['models/sound_localization/IHC3000_delayed_integration/arch01/EVAL_PSYCHOPHYSICSv00_spectral_smoothing.json', 'models/sound_localization/IHC3000_delayed_integration/arch02/EVAL_PSYCHOPHYSICSv00_spectral_smoothing.json', 'models/sound_localization/IHC3000_delayed_integration/arch03/EVAL_PSYCHOPHYSICSv00_spectral_smoothing.json', 'models/sound_localization/IHC3000_delayed_integration/arch04/EVAL_PSYCHOPHYSICSv00_spectral_smoothing.json', 'models/sound_localization/IHC3000_delayed_integration/arch05/EVAL_PSYCHOPHYSICSv00_spectral_smoothing.json', 'models/sound_localization/IHC3000_delayed_integration/arch06/EVAL_PSYCHOPHYSICSv00_spectral_smoothing.json', 'models/sound_localization/IHC3000_delayed_integration/arch07/EVAL_PSYCHOPHYSICSv00_spectral_smoothing.json', 'models/sound_localization/IHC3000_delayed_integration/arch08/EVAL_PSYCHOPHYSICSv00_spectral_smoothing.json', 'models/sound_localization/IHC3000_delayed_integration/arch09/EVAL_PSYCHOPHYSICSv00_spectral_smoothing.json', 'models/sound_localization/IHC3000_delayed_integration/arch10/EVAL_PSYCHOPHYSICSv00_spectral_smoothing.json']",,,,64,models/sound_localization/IHC3000_delayed_integration/arch??
"[3.107929515418502, 13.920704845814978, 2.13931718061674, 2.5710352422907485, 2.8518722466960353, 2.3733480176211454, 2.8243392070484576, 2.019273127753304, 2.2175110132158586, 3.2753303964757707]",3.730066079295154,1.1399984224130246,"[1.829295154185022, 4.3039647577092515, 0.8237885462555066, 1.550660792951542, 1.1497797356828194, 1.144273127753304, 1.2059471365638768, 1.2841409691629957, 0.6938325991189427, 1.5374449339207048]",1.5523127753303965,0.32380861790605414,"[3.488862623632369, 13.711041369817165, 2.1355978751480253, 3.002491563871838, 2.7735802074269422, 2.517900248638042, 2.804477763478781, 2.4946832076009664, 2.0168017379313015, 3.567112484125561]",3.851254908167099,1.1072076862080957,"['models/sound_localization/IHC3000_delayed_integration/arch01/EVAL_PSYCHOPHYSICSv00_spectral_smoothing.json', 'models/sound_localization/IHC3000_delayed_integration/arch02/EVAL_PSYCHOPHYSICSv00_spectral_smoothing.json', 'models/sound_localization/IHC3000_delayed_integration/arch03/EVAL_PSYCHOPHYSICSv00_spectral_smoothing.json', 'models/sound_localization/IHC3000_delayed_integration/arch04/EVAL_PSYCHOPHYSICSv00_spectral_smoothing.json', 'models/sound_localization/IHC3000_delayed_integration/arch05/EVAL_PSYCHOPHYSICSv00_spectral_smoothing.json', 'models/sound_localization/IHC3000_delayed_integration/arch06/EVAL_PSYCHOPHYSICSv00_spectral_smoothing.json', 'models/sound_localization/IHC3000_delayed_integration/arch07/EVAL_PSYCHOPHYSICSv00_spectral_smoothing.json', 'models/sound_localization/IHC3000_delayed_integration/arch08/EVAL_PSYCHOPHYSICSv00_spectral_smoothing.json', 'models/sound_localization/IHC3000_delayed_integration/arch09/EVAL_PSYCHOPHYSICSv00_spectral_smoothing.json', 'models/sound_localization/IHC3000_delayed_integration/arch10/EVAL_PSYCHOPHYSICSv00_spectral_smoothing.json']",,,,128,models/sound_localization/IHC3000_delayed_integration/arch??
"[3.0335903083700435, 11.780286343612335, 2.254405286343612, 2.525881057268722, 2.7219162995594712, 2.3645374449339207, 2.9509911894273126, 1.9966960352422904, 2.2274229074889864, 3.447136563876652]",3.5302863436123344,0.9270634111986535,"[1.6420704845814975, 3.7246696035242293, 0.8050660792951542, 1.4702643171806167, 1.056167400881057, 1.0870044052863437, 1.157488986784141, 1.225770925110132, 0.6530837004405287, 1.5418502202643172]",1.4363436123348017,0.2726764800981671,"[3.2989932708779444, 11.565099379601413, 2.194146277701739, 2.91069004943363, 2.5883921870522006, 2.4521846774118794, 2.857757374677616, 2.415937749543721, 1.965784881006966, 3.7061242331629414]",3.595511008047005,0.9003731564786639,"['models/sound_localization/IHC3000_delayed_integration/arch01/EVAL_PSYCHOPHYSICSv00_spectral_smoothing.json', 'models/sound_localization/IHC3000_delayed_integration/arch02/EVAL_PSYCHOPHYSICSv00_spectral_smoothing.json', 'models/sound_localization/IHC3000_delayed_integration/arch03/EVAL_PSYCHOPHYSICSv00_spectral_smoothing.json', 'models/sound_localization/IHC3000_delayed_integration/arch04/EVAL_PSYCHOPHYSICSv00_spectral_smoothing.json', 'models/sound_localization/IHC3000_delayed_integration/arch05/EVAL_PSYCHOPHYSICSv00_spectral_smoothing.json', 'models/sound_localization/IHC3000_delayed_integration/arch06/EVAL_PSYCHOPHYSICSv00_spectral_smoothing.json', 'models/sound_localization/IHC3000_delayed_integration/arch07/EVAL_PSYCHOPHYSICSv00_spectral_smoothing.json', 'models/sound_localization/IHC3000_delayed_integration/arch08/EVAL_PSYCHOPHYSICSv00_spectral_smoothing.json', 'models/sound_localization/IHC3000_delayed_integration/arch09/EVAL_PSYCHOPHYSICSv00_spectral_smoothing.json', 'models/sound_localization/IHC3000_delayed_integration/arch10/EVAL_PSYCHOPHYSICSv00_spectral_smoothing.json']",,,,256,models/sound_localization/IHC3000_delayed_integration/arch??
"[17.37169603524229, 13.286894273127754, 11.208149779735683, 11.469713656387665, 11.850770925110131, 14.633259911894273, 11.66795154185022, 10.258810572687224, 10.62114537444934, 10.430066079295154]",12.279845814977973,0.707896455200616,"[17.34251101321586, 17.10022026431718, 17.202643171806166, 17.412995594713657, 19.202643171806166, 17.225770925110133, 17.827092511013216, 16.41079295154185, 17.625550660792953, 17.002202643171806]",17.435242290748896,0.2302125562951379,"[25.205768171098036, 22.451970866930402, 21.566244715383867, 21.65726147124538, 23.002869002466806, 22.981242856180952, 21.496593039525848, 19.718212337998352, 20.948348818439687, 20.116486186572534]",21.914499746584188,0.5032769219861154,"['models/sound_localization/IHC3000/arch01/EVAL_PSYCHOPHYSICSv00_spectral_smoothing.json', 'models/sound_localization/IHC3000/arch02/EVAL_PSYCHOPHYSICSv00_spectral_smoothing.json', 'models/sound_localization/IHC3000/arch03/EVAL_PSYCHOPHYSICSv00_spectral_smoothing.json', 'models/sound_localization/IHC3000/arch04/EVAL_PSYCHOPHYSICSv00_spectral_smoothing.json', 'models/sound_localization/IHC3000/arch05/EVAL_PSYCHOPHYSICSv00_spectral_smoothing.json', 'models/sound_localization/IHC3000/arch06/EVAL_PSYCHOPHYSICSv00_spectral_smoothing.json', 'models/sound_localization/IHC3000/arch07/EVAL_PSYCHOPHYSICSv00_spectral_smoothing.json', 'models/sound_localization/IHC3000/arch08/EVAL_PSYCHOPHYSICSv00_spectral_smoothing.json', 'models/sound_localization/IHC3000/arch09/EVAL_PSYCHOPHYSICSv00_spectral_smoothing.json', 'models/sound_localization/IHC3000/arch10/EVAL_PSYCHOPHYSICSv00_spectral_smoothing.json']",,,,1,models/sound_localization/IHC3000/arch??
"[9.770374449339206, 9.80011013215859, 9.517070484581497, 9.61784140969163, 10.118942731277533, 9.397577092511014, 9.504405286343612, 9.066079295154186, 9.226872246696034, 8.445484581497798]",9.44647577092511,0.14595230123747271,"[18.420704845814978, 19.476872246696036, 18.023127753303964, 17.44713656387665, 20.20374449339207, 19.214757709251103, 17.39977973568282, 17.860132158590307, 18.699339207048457, 15.94273127753304]",18.268832599118944,0.38550127244194377,"[21.111750875133552, 22.264384839442737, 21.094027647140567, 20.21971684984251, 23.182495109898216, 21.820203243921426, 20.094685916141334, 20.545716420334344, 21.35191108273947, 18.50305662771732]",21.01879486123115,0.40887190125001355,"['models/sound_localization/IHC3000/arch01/EVAL_PSYCHOPHYSICSv00_spectral_smoothing.json', 'models/sound_localization/IHC3000/arch02/EVAL_PSYCHOPHYSICSv00_spectral_smoothing.json', 'models/sound_localization/IHC3000/arch03/EVAL_PSYCHOPHYSICSv00_spectral_smoothing.json', 'models/sound_localization/IHC3000/arch04/EVAL_PSYCHOPHYSICSv00_spectral_smoothing.json', 'models/sound_localization/IHC3000/arch05/EVAL_PSYCHOPHYSICSv00_spectral_smoothing.json', 'models/sound_localization/IHC3000/arch06/EVAL_PSYCHOPHYSICSv00_spectral_smoothing.json', 'models/sound_localization/IHC3000/arch07/EVAL_PSYCHOPHYSICSv00_spectral_smoothing.json', 'models/sound_localization/IHC3000/arch08/EVAL_PSYCHOPHYSICSv00_spectral_smoothing.json', 'models/sound_localization/IHC3000/arch09/EVAL_PSYCHOPHYSICSv00_spectral_smoothing.json', 'models/sound_localization/IHC3000/arch10/EVAL_PSYCHOPHYSICSv00_spectral_smoothing.json']",,,,2,models/sound_localization/IHC3000/arch??
"[9.676762114537445, 8.005506607929515, 8.922907488986784, 8.626101321585903, 8.387114537444935, 8.224118942731277, 7.96806167400881, 8.133259911894273, 7.671806167400881, 10.211453744493392]",8.582709251101322,0.2555370375106593,"[12.8568281938326, 14.590308370044053, 15.495594713656388, 12.101321585903083, 14.683920704845814, 11.951541850220265, 12.167400881057269, 10.435022026431717, 10.918502202643172, 12.530837004405287]",12.773127753303964,0.5252556870297357,"[16.588666073662292, 17.013316336019106, 18.248188621247145, 15.114744221715673, 17.36599607225608, 14.798667788384842, 14.718244582385655, 13.379643570391437, 13.623001646478482, 16.272829790987398]",15.712329870352812,0.5156085182282184,"['models/sound_localization/IHC3000/arch01/EVAL_PSYCHOPHYSICSv00_spectral_smoothing.json', 'models/sound_localization/IHC3000/arch02/EVAL_PSYCHOPHYSICSv00_spectral_smoothing.json', 'models/sound_localization/IHC3000/arch03/EVAL_PSYCHOPHYSICSv00_spectral_smoothing.json', 'models/sound_localization/IHC3000/arch04/EVAL_PSYCHOPHYSICSv00_spectral_smoothing.json', 'models/sound_localization/IHC3000/arch05/EVAL_PSYCHOPHYSICSv00_spectral_smoothing.json', 'models/sound_localization/IHC3000/arch06/EVAL_PSYCHOPHYSICSv00_spectral_smoothing.json', 'models/sound_localization/IHC3000/arch07/EVAL_PSYCHOPHYSICSv00_spectral_smoothing.json', 'models/sound_localization/IHC3000/arch08/EVAL_PSYCHOPHYSICSv00_spectral_smoothing.json', 'models/sound_localization/IHC3000/arch09/EVAL_PSYCHOPHYSICSv00_spectral_smoothing.json', 'models/sound_localization/IHC3000/arch10/EVAL_PSYCHOPHYSICSv00_spectral_smoothing.json']",,,,4,models/sound_localization/IHC3000/arch??
"[7.591409691629956, 7.682819383259912, 7.365088105726873, 7.60352422907489, 6.901431718061674, 6.594713656387666, 6.926211453744492, 6.0699339207048455, 7.424008810572687, 7.8948237885462555]",7.205396475770925,0.18001836026331153,"[9.748898678414097, 10.790748898678414, 11.842511013215859, 10.654185022026432, 9.634361233480176, 8.622246696035242, 9.994493392070485, 8.71806167400881, 8.810572687224669, 10.26431718061674]",9.908039647577093,0.3263683413302688,"[12.912592867603198, 13.849026550984739, 14.491937892151729, 13.508545932365553, 12.337642331965938, 11.405084588111048, 12.629492376482846, 11.080044095665237, 11.972075043965743, 13.382223416210753]",12.75686650955068,0.34368184041753214,"['models/sound_localization/IHC3000/arch01/EVAL_PSYCHOPHYSICSv00_spectral_smoothing.json', 'models/sound_localization/IHC3000/arch02/EVAL_PSYCHOPHYSICSv00_spectral_smoothing.json', 'models/sound_localization/IHC3000/arch03/EVAL_PSYCHOPHYSICSv00_spectral_smoothing.json', 'models/sound_localization/IHC3000/arch04/EVAL_PSYCHOPHYSICSv00_spectral_smoothing.json', 'models/sound_localization/IHC3000/arch05/EVAL_PSYCHOPHYSICSv00_spectral_smoothing.json', 'models/sound_localization/IHC3000/arch06/EVAL_PSYCHOPHYSICSv00_spectral_smoothing.json', 'models/sound_localization/IHC3000/arch07/EVAL_PSYCHOPHYSICSv00_spectral_smoothing.json', 'models/sound_localization/IHC3000/arch08/EVAL_PSYCHOPHYSICSv00_spectral_smoothing.json', 'models/sound_localization/IHC3000/arch09/EVAL_PSYCHOPHYSICSv00_spectral_smoothing.json', 'models/sound_localization/IHC3000/arch10/EVAL_PSYCHOPHYSICSv00_spectral_smoothing.json']",,,,8,models/sound_localization/IHC3000/arch??
"[5.61784140969163, 5.60352422907489, 5.651431718061674, 5.842511013215859, 6.310022026431718, 6.099669603524229, 5.113436123348017, 5.8006607929515415, 5.381607929515418, 5.600220264317181]",5.702092511013215,0.10729316208697665,"[6.101321585903084, 7.952643171806168, 8.137665198237885, 8.140969162995594, 7.797356828193832, 7.633259911894273, 6.244493392070485, 6.545154185022026, 6.504405286343612, 6.590308370044053]",7.164757709251101,0.2638965694007239,"[8.517584060727602, 10.20552410545263, 10.255962103004471, 10.311808634887928, 10.409724841332496, 10.124221168215296, 8.62031001648619, 9.178123599579743, 8.79874507576216, 9.067109475260056]",9.548911308070858,0.24593036626478226,"['models/sound_localization/IHC3000/arch01/EVAL_PSYCHOPHYSICSv00_spectral_smoothing.json', 'models/sound_localization/IHC3000/arch02/EVAL_PSYCHOPHYSICSv00_spectral_smoothing.json', 'models/sound_localization/IHC3000/arch03/EVAL_PSYCHOPHYSICSv00_spectral_smoothing.json', 'models/sound_localization/IHC3000/arch04/EVAL_PSYCHOPHYSICSv00_spectral_smoothing.json', 'models/sound_localization/IHC3000/arch05/EVAL_PSYCHOPHYSICSv00_spectral_smoothing.json', 'models/sound_localization/IHC3000/arch06/EVAL_PSYCHOPHYSICSv00_spectral_smoothing.json', 'models/sound_localization/IHC3000/arch07/EVAL_PSYCHOPHYSICSv00_spectral_smoothing.json', 'models/sound_localization/IHC3000/arch08/EVAL_PSYCHOPHYSICSv00_spectral_smoothing.json', 'models/sound_localization/IHC3000/arch09/EVAL_PSYCHOPHYSICSv00_spectral_smoothing.json', 'models/sound_localization/IHC3000/arch10/EVAL_PSYCHOPHYSICSv00_spectral_smoothing.json']",,,,16,models/sound_localization/IHC3000/arch??
"[4.158590308370044, 4.166850220264316, 3.6850220264317177, 3.7566079295154187, 3.8348017621145374, 3.892070484581498, 3.986233480176211, 3.4218061674008804, 3.493942731277533, 4.221916299559472]",3.8617841409691627,0.08814017467789281,"[3.0605726872246697, 3.04295154185022, 3.317180616740088, 3.1200440528634363, 2.8634361233480177, 2.3744493392070485, 3.0198237885462555, 2.3854625550660793, 2.313876651982379, 3.170704845814978]",2.8668502202643174,0.11695950551529465,"[5.386741156893223, 5.455660058179697, 5.350493529980278, 5.183917217883209, 4.956258255181667, 4.727962227388655, 5.244921329305603, 4.37208866491463, 4.280614259588748, 5.403195370640434]",5.036185206995614,0.13788206390695498,"['models/sound_localization/IHC3000/arch01/EVAL_PSYCHOPHYSICSv00_spectral_smoothing.json', 'models/sound_localization/IHC3000/arch02/EVAL_PSYCHOPHYSICSv00_spectral_smoothing.json', 'models/sound_localization/IHC3000/arch03/EVAL_PSYCHOPHYSICSv00_spectral_smoothing.json', 'models/sound_localization/IHC3000/arch04/EVAL_PSYCHOPHYSICSv00_spectral_smoothing.json', 'models/sound_localization/IHC3000/arch05/EVAL_PSYCHOPHYSICSv00_spectral_smoothing.json', 'models/sound_localization/IHC3000/arch06/EVAL_PSYCHOPHYSICSv00_spectral_smoothing.json', 'models/sound_localization/IHC3000/arch07/EVAL_PSYCHOPHYSICSv00_spectral_smoothing.json', 'models/sound_localization/IHC3000/arch08/EVAL_PSYCHOPHYSICSv00_spectral_smoothing.json', 'models/sound_localization/IHC3000/arch09/EVAL_PSYCHOPHYSICSv00_spectral_smoothing.json', 'models/sound_localization/IHC3000/arch10/EVAL_PSYCHOPHYSICSv00_spectral_smoothing.json']",,,,32,models/sound_localization/IHC3000/arch??
"[3.856277533039647, 3.596916299559471, 3.5071585903083697, 3.734581497797356, 3.5732378854625546, 3.694933920704846, 3.96806167400881, 3.3083700440528627, 3.3166299559471364, 4.1233480176211454]",3.6679515418502198,0.08371134837598464,"[1.4592511013215859, 1.2400881057268724, 1.7169603524229076, 2.2577092511013217, 1.47136563876652, 1.3127753303964758, 2.2687224669603525, 1.1662995594713657, 1.1365638766519823, 2.7422907488986783]",1.6772026431718061,0.17606619150222674,"[3.86827418171759, 3.6005686991363612, 3.8235204590303593, 4.336815230313571, 3.662446588406573, 3.6769700129485052, 4.629600825376551, 3.289819170697453, 3.159279707897164, 5.030286537762758]",3.9077581413286886,0.18630162596766547,"['models/sound_localization/IHC3000/arch01/EVAL_PSYCHOPHYSICSv00_spectral_smoothing.json', 'models/sound_localization/IHC3000/arch02/EVAL_PSYCHOPHYSICSv00_spectral_smoothing.json', 'models/sound_localization/IHC3000/arch03/EVAL_PSYCHOPHYSICSv00_spectral_smoothing.json', 'models/sound_localization/IHC3000/arch04/EVAL_PSYCHOPHYSICSv00_spectral_smoothing.json', 'models/sound_localization/IHC3000/arch05/EVAL_PSYCHOPHYSICSv00_spectral_smoothing.json', 'models/sound_localization/IHC3000/arch06/EVAL_PSYCHOPHYSICSv00_spectral_smoothing.json', 'models/sound_localization/IHC3000/arch07/EVAL_PSYCHOPHYSICSv00_spectral_smoothing.json', 'models/sound_localization/IHC3000/arch08/EVAL_PSYCHOPHYSICSv00_spectral_smoothing.json', 'models/sound_localization/IHC3000/arch09/EVAL_PSYCHOPHYSICSv00_spectral_smoothing.json', 'models/sound_localization/IHC3000/arch10/EVAL_PSYCHOPHYSICSv00_spectral_smoothing.json']",,,,64,models/sound_localization/IHC3000/arch??
"[3.8458149779735677, 3.6332599118942728, 3.588105726872246, 3.73237885462555, 3.618942731277533, 3.6696035242290743, 3.9118942731277526, 3.3353524229074885, 3.3904185022026425, 4.040198237885463]",3.676596916299559,0.06918130225358667,"[1.4746696035242293, 1.1960352422907492, 1.6222466960352422, 2.1530837004405288, 1.3359030837004404, 1.303964757709251, 2.2433920704845813, 1.1629955947136563, 1.13215859030837, 2.5198237885462555]",1.6144273127753306,0.16022456097154508,"[3.8703221614260492, 3.5690876501675315, 3.7780697986136023, 4.26505758442514, 3.5699903506110506, 3.6302060802629734, 4.582425770350586, 3.307702455644859, 3.1983114556453187, 4.80760069002512]",3.8578773997172235,0.16849322121220844,"['models/sound_localization/IHC3000/arch01/EVAL_PSYCHOPHYSICSv00_spectral_smoothing.json', 'models/sound_localization/IHC3000/arch02/EVAL_PSYCHOPHYSICSv00_spectral_smoothing.json', 'models/sound_localization/IHC3000/arch03/EVAL_PSYCHOPHYSICSv00_spectral_smoothing.json', 'models/sound_localization/IHC3000/arch04/EVAL_PSYCHOPHYSICSv00_spectral_smoothing.json', 'models/sound_localization/IHC3000/arch05/EVAL_PSYCHOPHYSICSv00_spectral_smoothing.json', 'models/sound_localization/IHC3000/arch06/EVAL_PSYCHOPHYSICSv00_spectral_smoothing.json', 'models/sound_localization/IHC3000/arch07/EVAL_PSYCHOPHYSICSv00_spectral_smoothing.json', 'models/sound_localization/IHC3000/arch08/EVAL_PSYCHOPHYSICSv00_spectral_smoothing.json', 'models/sound_localization/IHC3000/arch09/EVAL_PSYCHOPHYSICSv00_spectral_smoothing.json', 'models/sound_localization/IHC3000/arch10/EVAL_PSYCHOPHYSICSv00_spectral_smoothing.json']",,,,128,models/sound_localization/IHC3000/arch??
"[3.8628854625550657, 3.6079295154185016, 3.5368942731277526, 3.6464757709251097, 3.525881057268722, 3.6877753303964753, 3.915198237885462, 3.3353524229074885, 3.370594713656388, 4.061674008810573]",3.655066079295154,0.07403807685042048,"[1.3997797356828194, 1.1563876651982379, 1.5671806167400881, 2.144273127753304, 1.3050660792951543, 1.3854625550660793, 2.303964757709251, 1.1519823788546255, 1.1134361233480177, 2.451541850220264]",1.5979074889867841,0.16073833297470014,"[3.8167433223328566, 3.5244361382725535, 3.700149843066916, 4.2010237297124124, 3.4705829810389752, 3.7291713398576336, 4.624737290611755, 3.311122944731493, 3.1879833165981006, 4.748702757775506]",3.83146536639982,0.16814118280922333,"['models/sound_localization/IHC3000/arch01/EVAL_PSYCHOPHYSICSv00_spectral_smoothing.json', 'models/sound_localization/IHC3000/arch02/EVAL_PSYCHOPHYSICSv00_spectral_smoothing.json', 'models/sound_localization/IHC3000/arch03/EVAL_PSYCHOPHYSICSv00_spectral_smoothing.json', 'models/sound_localization/IHC3000/arch04/EVAL_PSYCHOPHYSICSv00_spectral_smoothing.json', 'models/sound_localization/IHC3000/arch05/EVAL_PSYCHOPHYSICSv00_spectral_smoothing.json', 'models/sound_localization/IHC3000/arch06/EVAL_PSYCHOPHYSICSv00_spectral_smoothing.json', 'models/sound_localization/IHC3000/arch07/EVAL_PSYCHOPHYSICSv00_spectral_smoothing.json', 'models/sound_localization/IHC3000/arch08/EVAL_PSYCHOPHYSICSv00_spectral_smoothing.json', 'models/sound_localization/IHC3000/arch09/EVAL_PSYCHOPHYSICSv00_spectral_smoothing.json', 'models/sound_localization/IHC3000/arch10/EVAL_PSYCHOPHYSICSv00_spectral_smoothing.json']",,,,256,models/sound_localization/IHC3000/arch??
"[27.810022026431717, 19.93612334801762, 17.583700440528634, 19.526982378854626, 19.100770925110133, 23.71751101321586, 19.225770925110133, 18.740088105726873, 31.008259911894275, 16.969713656387665]",21.361894273127753,1.474580711462667,"[16.516519823788546, 18.288546255506606, 15.79295154185022, 16.583700440528634, 16.105726872246695, 17.15638766519824, 16.233480176211454, 17.083700440528634, 18.073788546255507, 15.572687224669602]",16.74074889867841,0.28792838683501065,"[33.268233466834744, 26.732398106488, 24.302659964648, 25.621269592764868, 25.500439053758086, 29.298719338112413, 25.369185184564508, 26.121189104658562, 34.83913882775889, 22.737345077270145]",27.37905777168582,1.236882452681482,"['models/sound_localization/IHC1000/arch01/EVAL_PSYCHOPHYSICSv00_spectral_smoothing.json', 'models/sound_localization/IHC1000/arch02/EVAL_PSYCHOPHYSICSv00_spectral_smoothing.json', 'models/sound_localization/IHC1000/arch03/EVAL_PSYCHOPHYSICSv00_spectral_smoothing.json', 'models/sound_localization/IHC1000/arch04/EVAL_PSYCHOPHYSICSv00_spectral_smoothing.json', 'models/sound_localization/IHC1000/arch05/EVAL_PSYCHOPHYSICSv00_spectral_smoothing.json', 'models/sound_localization/IHC1000/arch06/EVAL_PSYCHOPHYSICSv00_spectral_smoothing.json', 'models/sound_localization/IHC1000/arch07/EVAL_PSYCHOPHYSICSv00_spectral_smoothing.json', 'models/sound_localization/IHC1000/arch08/EVAL_PSYCHOPHYSICSv00_spectral_smoothing.json', 'models/sound_localization/IHC1000/arch09/EVAL_PSYCHOPHYSICSv00_spectral_smoothing.json', 'models/sound_localization/IHC1000/arch10/EVAL_PSYCHOPHYSICSv00_spectral_smoothing.json']",,,,1,models/sound_localization/IHC1000/arch??
"[23.759911894273127, 12.958149779735683, 12.089757709251101, 12.38215859030837, 17.518171806167402, 19.648127753303964, 12.049008810572687, 13.760462555066079, 23.345814977973568, 12.368392070484582]",15.987995594713658,1.4953094457817946,"[18.218061674008812, 19.754405286343612, 18.76431718061674, 19.654185022026432, 17.83590308370044, 18.855726872246695, 17.96696035242291, 18.911894273127754, 21.605726872246695, 17.54625550660793]",18.9113436123348,0.3791733002891494,"[31.33034618558899, 23.873523425628647, 22.567149097324997, 23.30308955798615, 25.683031230151794, 26.935877971367944, 21.756682197203325, 23.934303462324824, 31.114148435812925, 21.589923583609966]",25.208807514699956,1.128346390891621,"['models/sound_localization/IHC1000/arch01/EVAL_PSYCHOPHYSICSv00_spectral_smoothing.json', 'models/sound_localization/IHC1000/arch02/EVAL_PSYCHOPHYSICSv00_spectral_smoothing.json', 'models/sound_localization/IHC1000/arch03/EVAL_PSYCHOPHYSICSv00_spectral_smoothing.json', 'models/sound_localization/IHC1000/arch04/EVAL_PSYCHOPHYSICSv00_spectral_smoothing.json', 'models/sound_localization/IHC1000/arch05/EVAL_PSYCHOPHYSICSv00_spectral_smoothing.json', 'models/sound_localization/IHC1000/arch06/EVAL_PSYCHOPHYSICSv00_spectral_smoothing.json', 'models/sound_localization/IHC1000/arch07/EVAL_PSYCHOPHYSICSv00_spectral_smoothing.json', 'models/sound_localization/IHC1000/arch08/EVAL_PSYCHOPHYSICSv00_spectral_smoothing.json', 'models/sound_localization/IHC1000/arch09/EVAL_PSYCHOPHYSICSv00_spectral_smoothing.json', 'models/sound_localization/IHC1000/arch10/EVAL_PSYCHOPHYSICSv00_spectral_smoothing.json']",,,,2,models/sound_localization/IHC1000/arch??
"[13.318281938325992, 9.36784140969163, 12.437775330396477, 11.803414096916299, 12.587004405286343, 15.79625550660793, 10.525881057268723, 10.566629955947137, 14.289647577092511, 13.22136563876652]",12.391409691629956,0.6062849562729111,"[11.405286343612335, 11.845814977973568, 10.915198237885463, 12.801762114537445, 11.741189427312776, 11.231277533039648, 11.07819383259912, 11.17180616740088, 13.603524229074889, 11.972466960352422]",11.776651982378855,0.2679931204675256,"[17.648606605990313, 15.316670002062708, 16.683841056570884, 17.312250790902247, 17.516706399928747, 19.150693364105695, 15.32312081050192, 15.710651555738208, 20.414234601419412, 17.839612666357926]",17.291638785357808,0.5199356119755517,"['models/sound_localization/IHC1000/arch01/EVAL_PSYCHOPHYSICSv00_spectral_smoothing.json', 'models/sound_localization/IHC1000/arch02/EVAL_PSYCHOPHYSICSv00_spectral_smoothing.json', 'models/sound_localization/IHC1000/arch03/EVAL_PSYCHOPHYSICSv00_spectral_smoothing.json', 'models/sound_localization/IHC1000/arch04/EVAL_PSYCHOPHYSICSv00_spectral_smoothing.json', 'models/sound_localization/IHC1000/arch05/EVAL_PSYCHOPHYSICSv00_spectral_smoothing.json', 'models/sound_localization/IHC1000/arch06/EVAL_PSYCHOPHYSICSv00_spectral_smoothing.json', 'models/sound_localization/IHC1000/arch07/EVAL_PSYCHOPHYSICSv00_spectral_smoothing.json', 'models/sound_localization/IHC1000/arch08/EVAL_PSYCHOPHYSICSv00_spectral_smoothing.json', 'models/sound_localization/IHC1000/arch09/EVAL_PSYCHOPHYSICSv00_spectral_smoothing.json', 'models/sound_localization/IHC1000/arch10/EVAL_PSYCHOPHYSICSv00_spectral_smoothing.json']",,,,4,models/sound_localization/IHC1000/arch??
"[10.22191629955947, 7.784140969162996, 9.7681718061674, 9.908590308370044, 9.571585903083701, 10.714757709251101, 9.649229074889869, 9.365088105726873, 10.100770925110131, 11.140969162995594]",9.822522026431718,0.28360633529457346,"[9.701541850220265, 9.550660792951541, 10.167400881057269, 10.665198237885463, 9.52863436123348, 9.465859030837004, 9.394273127753303, 9.363436123348018, 10.904185022026432, 11.266519823788546]",10.000770925110132,0.22267870648200055,"[14.832644007632869, 12.761512743455496, 14.366111773156229, 14.95375730479491, 13.940365691791492, 14.582169418567897, 13.655120140983671, 13.325057941790197, 15.511740108663073, 16.308746297946474]",14.423722542878233,0.33346770004638554,"['models/sound_localization/IHC1000/arch01/EVAL_PSYCHOPHYSICSv00_spectral_smoothing.json', 'models/sound_localization/IHC1000/arch02/EVAL_PSYCHOPHYSICSv00_spectral_smoothing.json', 'models/sound_localization/IHC1000/arch03/EVAL_PSYCHOPHYSICSv00_spectral_smoothing.json', 'models/sound_localization/IHC1000/arch04/EVAL_PSYCHOPHYSICSv00_spectral_smoothing.json', 'models/sound_localization/IHC1000/arch05/EVAL_PSYCHOPHYSICSv00_spectral_smoothing.json', 'models/sound_localization/IHC1000/arch06/EVAL_PSYCHOPHYSICSv00_spectral_smoothing.json', 'models/sound_localization/IHC1000/arch07/EVAL_PSYCHOPHYSICSv00_spectral_smoothing.json', 'models/sound_localization/IHC1000/arch08/EVAL_PSYCHOPHYSICSv00_spectral_smoothing.json', 'models/sound_localization/IHC1000/arch09/EVAL_PSYCHOPHYSICSv00_spectral_smoothing.json', 'models/sound_localization/IHC1000/arch10/EVAL_PSYCHOPHYSICSv00_spectral_smoothing.json']",,,,8,models/sound_localization/IHC1000/arch??
"[5.883810572687226, 5.619493392070485, 5.828744493392071, 6.327643171806168, 6.130506607929515, 7.231828193832599, 5.4284140969163, 7.169052863436123, 6.542400881057269, 6.409691629955947]",6.25715859030837,0.19216694177350005,"[6.97136563876652, 6.991189427312776, 7.27863436123348, 6.722466960352423, 5.938325991189427, 6.830396475770925, 5.95704845814978, 7.233480176211454, 8.099118942731277, 9.11784140969163]",7.11398678414097,0.2984612767219375,"[9.237256029371075, 9.034783930831948, 9.359732918201022, 9.246461841947156, 8.64064043840108, 10.16309089585621, 8.13439240144792, 10.181074552342377, 10.636324865895954, 11.33465562348951]",9.596841349778426,0.30622730982929336,"['models/sound_localization/IHC1000/arch01/EVAL_PSYCHOPHYSICSv00_spectral_smoothing.json', 'models/sound_localization/IHC1000/arch02/EVAL_PSYCHOPHYSICSv00_spectral_smoothing.json', 'models/sound_localization/IHC1000/arch03/EVAL_PSYCHOPHYSICSv00_spectral_smoothing.json', 'models/sound_localization/IHC1000/arch04/EVAL_PSYCHOPHYSICSv00_spectral_smoothing.json', 'models/sound_localization/IHC1000/arch05/EVAL_PSYCHOPHYSICSv00_spectral_smoothing.json', 'models/sound_localization/IHC1000/arch06/EVAL_PSYCHOPHYSICSv00_spectral_smoothing.json', 'models/sound_localization/IHC1000/arch07/EVAL_PSYCHOPHYSICSv00_spectral_smoothing.json', 'models/sound_localization/IHC1000/arch08/EVAL_PSYCHOPHYSICSv00_spectral_smoothing.json', 'models/sound_localization/IHC1000/arch09/EVAL_PSYCHOPHYSICSv00_spectral_smoothing.json', 'models/sound_localization/IHC1000/arch10/EVAL_PSYCHOPHYSICSv00_spectral_smoothing.json']",,,,16,models/sound_localization/IHC1000/arch??
"[3.0225770925110127, 2.816629955947136, 2.734030837004405, 3.7048458149779733, 3.36068281938326, 2.5881057268722465, 3.480176211453744, 2.66795154185022, 2.6712555066079293, 4.046806167400881]",3.109306167400881,0.16078465893802704,"[3.538546255506608, 2.164096916299559, 2.186123348017621, 3.0837004405286343, 2.7059471365638768, 1.9328193832599119, 2.3865638766519823, 2.4140969162995596, 2.7213656387665197, 4.121145374449339]",2.725440528634361,0.21560946907542622,"[4.990436861740387, 3.4951868183399686, 3.6274393048352254, 4.996336580913812, 4.302500465634868, 3.3850911224687192, 4.221115763383192, 3.785535072578388, 4.127908655159533, 5.96425820725278]",4.289580885230687,0.25750720513591413,"['models/sound_localization/IHC1000/arch01/EVAL_PSYCHOPHYSICSv00_spectral_smoothing.json', 'models/sound_localization/IHC1000/arch02/EVAL_PSYCHOPHYSICSv00_spectral_smoothing.json', 'models/sound_localization/IHC1000/arch03/EVAL_PSYCHOPHYSICSv00_spectral_smoothing.json', 'models/sound_localization/IHC1000/arch04/EVAL_PSYCHOPHYSICSv00_spectral_smoothing.json', 'models/sound_localization/IHC1000/arch05/EVAL_PSYCHOPHYSICSv00_spectral_smoothing.json', 'models/sound_localization/IHC1000/arch06/EVAL_PSYCHOPHYSICSv00_spectral_smoothing.json', 'models/sound_localization/IHC1000/arch07/EVAL_PSYCHOPHYSICSv00_spectral_smoothing.json', 'models/sound_localization/IHC1000/arch08/EVAL_PSYCHOPHYSICSv00_spectral_smoothing.json', 'models/sound_localization/IHC1000/arch09/EVAL_PSYCHOPHYSICSv00_spectral_smoothing.json', 'models/sound_localization/IHC1000/arch10/EVAL_PSYCHOPHYSICSv00_spectral_smoothing.json']",,,,32,models/sound_localization/IHC1000/arch??
"[2.447687224669603, 1.9542951541850218, 2.3485682819383253, 3.1101321585903077, 2.026982378854625, 2.094162995594714, 2.9542951541850213, 1.8320484581497796, 2.1685022026431717, 3.664096916299559]",2.460077092511013,0.18814267486822897,"[1.4823788546255507, 0.7356828193832597, 1.2654185022026432, 1.7114537444933922, 1.0220264317180616, 1.0726872246696033, 1.3722466960352422, 0.8215859030837004, 1.0396475770925109, 3.16079295154185]",1.3683920704845813,0.2203231229625982,"[2.8756508747597764, 1.898421009751834, 2.553300254097226, 3.4640365559044914, 2.218963452580045, 2.3217241536291056, 3.068302915032797, 1.9448703125315687, 2.327631043960503, 5.0102471254968135]",2.768314769774416,0.29417007141054297,"['models/sound_localization/IHC1000/arch01/EVAL_PSYCHOPHYSICSv00_spectral_smoothing.json', 'models/sound_localization/IHC1000/arch02/EVAL_PSYCHOPHYSICSv00_spectral_smoothing.json', 'models/sound_localization/IHC1000/arch03/EVAL_PSYCHOPHYSICSv00_spectral_smoothing.json', 'models/sound_localization/IHC1000/arch04/EVAL_PSYCHOPHYSICSv00_spectral_smoothing.json', 'models/sound_localization/IHC1000/arch05/EVAL_PSYCHOPHYSICSv00_spectral_smoothing.json', 'models/sound_localization/IHC1000/arch06/EVAL_PSYCHOPHYSICSv00_spectral_smoothing.json', 'models/sound_localization/IHC1000/arch07/EVAL_PSYCHOPHYSICSv00_spectral_smoothing.json', 'models/sound_localization/IHC1000/arch08/EVAL_PSYCHOPHYSICSv00_spectral_smoothing.json', 'models/sound_localization/IHC1000/arch09/EVAL_PSYCHOPHYSICSv00_spectral_smoothing.json', 'models/sound_localization/IHC1000/arch10/EVAL_PSYCHOPHYSICSv00_spectral_smoothing.json']",,,,64,models/sound_localization/IHC1000/arch??
"[2.4702643171806162, 1.9377753303964758, 2.372797356828194, 3.0814977973568283, 1.9917400881057266, 2.0198237885462555, 3.0357929515418496, 1.8827092511013213, 2.162995594713656, 3.547356828193832]",2.4502753303964755,0.18300343486338594,"[1.4151982378854624, 0.6233480176211453, 1.2632158590308367, 1.6475770925110131, 0.9438325991189427, 1.0088105726872245, 1.3997797356828194, 0.8050660792951543, 1.015418502202643, 3.0330396475770924]",1.3155286343612334,0.21452415541773126,"[2.8072806744058907, 1.8186110088785972, 2.5860460378762644, 3.398887006506627, 2.1414415079831355, 2.1898560236815006, 3.1387553656816745, 1.9508596439484926, 2.3081395363979302, 4.813136778419837]",2.715301358377995,0.28347636803795284,"['models/sound_localization/IHC1000/arch01/EVAL_PSYCHOPHYSICSv00_spectral_smoothing.json', 'models/sound_localization/IHC1000/arch02/EVAL_PSYCHOPHYSICSv00_spectral_smoothing.json', 'models/sound_localization/IHC1000/arch03/EVAL_PSYCHOPHYSICSv00_spectral_smoothing.json', 'models/sound_localization/IHC1000/arch04/EVAL_PSYCHOPHYSICSv00_spectral_smoothing.json', 'models/sound_localization/IHC1000/arch05/EVAL_PSYCHOPHYSICSv00_spectral_smoothing.json', 'models/sound_localization/IHC1000/arch06/EVAL_PSYCHOPHYSICSv00_spectral_smoothing.json', 'models/sound_localization/IHC1000/arch07/EVAL_PSYCHOPHYSICSv00_spectral_smoothing.json', 'models/sound_localization/IHC1000/arch08/EVAL_PSYCHOPHYSICSv00_spectral_smoothing.json', 'models/sound_localization/IHC1000/arch09/EVAL_PSYCHOPHYSICSv00_spectral_smoothing.json', 'models/sound_localization/IHC1000/arch10/EVAL_PSYCHOPHYSICSv00_spectral_smoothing.json']",,,,128,models/sound_localization/IHC1000/arch??
"[2.427312775330396, 1.9322687224669601, 2.363986784140969, 3.0814977973568283, 1.9476872246696033, 2.03909691629956, 3.0165198237885456, 1.894273127753304, 2.120594713656387, 3.4779735682819384]",2.430121145374449,0.17910178590059644,"[1.3898678414096917, 0.6420704845814978, 1.1916299559471366, 1.4856828193832599, 0.8722466960352423, 0.9966960352422907, 1.3248898678414094, 0.7709251101321586, 0.9966960352422908, 2.9019823788546257]",1.2572687224669603,0.2022857384203333,"[2.7583580461204025, 1.8352864620651657, 2.520751430481171, 3.238300440090491, 2.036377457184788, 2.2066922499147035, 3.048674412897874, 1.940492580324934, 2.238882309569787, 4.661566443019562]",2.6485381831668877,0.2685163890917667,"['models/sound_localization/IHC1000/arch01/EVAL_PSYCHOPHYSICSv00_spectral_smoothing.json', 'models/sound_localization/IHC1000/arch02/EVAL_PSYCHOPHYSICSv00_spectral_smoothing.json', 'models/sound_localization/IHC1000/arch03/EVAL_PSYCHOPHYSICSv00_spectral_smoothing.json', 'models/sound_localization/IHC1000/arch04/EVAL_PSYCHOPHYSICSv00_spectral_smoothing.json', 'models/sound_localization/IHC1000/arch05/EVAL_PSYCHOPHYSICSv00_spectral_smoothing.json', 'models/sound_localization/IHC1000/arch06/EVAL_PSYCHOPHYSICSv00_spectral_smoothing.json', 'models/sound_localization/IHC1000/arch07/EVAL_PSYCHOPHYSICSv00_spectral_smoothing.json', 'models/sound_localization/IHC1000/arch08/EVAL_PSYCHOPHYSICSv00_spectral_smoothing.json', 'models/sound_localization/IHC1000/arch09/EVAL_PSYCHOPHYSICSv00_spectral_smoothing.json', 'models/sound_localization/IHC1000/arch10/EVAL_PSYCHOPHYSICSv00_spectral_smoothing.json']",,,,256,models/sound_localization/IHC1000/arch??
"[50.063876651982376, 42.716409691629956, 41.308370044052865, 17.913546255506606, 26.308920704845814, 60.29790748898679, 20.420154185022028, 25.97522026431718, 30.713105726872246, 50.21861233480176]",36.59361233480176,4.53667885078254,"[18.151982378854626, 18.797356828193834, 18.389867841409693, 16.61123348017621, 17.106828193832598, 19.31718061674009, 16.390969162995596, 15.27092511013216, 20.96696035242291, 18.7863436123348]",17.978964757709253,0.5241486406228663,"[53.277708306533974, 46.89977728846767, 43.103425425976525, 24.355041807517097, 30.417570253732425, 58.90827748435093, 25.983868409480902, 29.82599369790812, 35.233176702283316, 49.456569180441996]",39.746140855669296,3.85733580676359,"['models/sound_localization/IHC0320/arch01/EVAL_PSYCHOPHYSICSv00_spectral_smoothing.json', 'models/sound_localization/IHC0320/arch02/EVAL_PSYCHOPHYSICSv00_spectral_smoothing.json', 'models/sound_localization/IHC0320/arch03/EVAL_PSYCHOPHYSICSv00_spectral_smoothing.json', 'models/sound_localization/IHC0320/arch04/EVAL_PSYCHOPHYSICSv00_spectral_smoothing.json', 'models/sound_localization/IHC0320/arch05/EVAL_PSYCHOPHYSICSv00_spectral_smoothing.json', 'models/sound_localization/IHC0320/arch06/EVAL_PSYCHOPHYSICSv00_spectral_smoothing.json', 'models/sound_localization/IHC0320/arch07/EVAL_PSYCHOPHYSICSv00_spectral_smoothing.json', 'models/sound_localization/IHC0320/arch08/EVAL_PSYCHOPHYSICSv00_spectral_smoothing.json', 'models/sound_localization/IHC0320/arch09/EVAL_PSYCHOPHYSICSv00_spectral_smoothing.json', 'models/sound_localization/IHC0320/arch10/EVAL_PSYCHOPHYSICSv00_spectral_smoothing.json']",,,,1,models/sound_localization/IHC0320/arch??
"[37.62830396475771, 24.28303964757709, 31.370044052863435, 14.107378854625551, 13.848017621145374, 46.43997797356828, 14.44603524229075, 16.998348017621144, 25.441079295154186, 27.20374449339207]",25.17659691629956,3.469559528388933,"[17.948237885462554, 18.873348017621144, 19.248898678414097, 20.225770925110133, 20.545154185022028, 20.323788546255507, 19.24669603524229, 19.699339207048457, 21.894273127753305, 20.743392070484582]",19.87488986784141,0.3517965171821473,"[42.6931344036062, 32.510711353829365, 34.49863230680196, 25.076701787081994, 24.98345370741282, 48.62413070730069, 24.116639262256037, 26.04157840638528, 32.517587417882666, 33.986918243636225]",32.504948759619325,2.568373863863265,"['models/sound_localization/IHC0320/arch01/EVAL_PSYCHOPHYSICSv00_spectral_smoothing.json', 'models/sound_localization/IHC0320/arch02/EVAL_PSYCHOPHYSICSv00_spectral_smoothing.json', 'models/sound_localization/IHC0320/arch03/EVAL_PSYCHOPHYSICSv00_spectral_smoothing.json', 'models/sound_localization/IHC0320/arch04/EVAL_PSYCHOPHYSICSv00_spectral_smoothing.json', 'models/sound_localization/IHC0320/arch05/EVAL_PSYCHOPHYSICSv00_spectral_smoothing.json', 'models/sound_localization/IHC0320/arch06/EVAL_PSYCHOPHYSICSv00_spectral_smoothing.json', 'models/sound_localization/IHC0320/arch07/EVAL_PSYCHOPHYSICSv00_spectral_smoothing.json', 'models/sound_localization/IHC0320/arch08/EVAL_PSYCHOPHYSICSv00_spectral_smoothing.json', 'models/sound_localization/IHC0320/arch09/EVAL_PSYCHOPHYSICSv00_spectral_smoothing.json', 'models/sound_localization/IHC0320/arch10/EVAL_PSYCHOPHYSICSv00_spectral_smoothing.json']",,,,2,models/sound_localization/IHC0320/arch??
"[11.50715859030837, 10.119493392070485, 16.45759911894273, 16.230176211453745, 13.283590308370044, 16.337004405286343, 12.286894273127754, 10.931718061674008, 21.502202643171806, 18.955396475770925]",14.761123348017623,1.1815991900576044,"[13.994493392070485, 13.730176211453742, 11.724669603524228, 12.334801762114537, 11.71806167400881, 12.759911894273127, 11.360132158590309, 10.790748898678414, 13.033039647577093, 11.476872246696034]",12.292290748898678,0.3362304399745898,"[19.133268924486057, 17.61041767538512, 19.160542779254932, 20.0157369917138, 17.627870553881, 21.202863892226684, 16.504155203662517, 15.361493056039336, 23.819212648793535, 22.235652049446553]",19.267121377488955,0.8312656633306129,"['models/sound_localization/IHC0320/arch01/EVAL_PSYCHOPHYSICSv00_spectral_smoothing.json', 'models/sound_localization/IHC0320/arch02/EVAL_PSYCHOPHYSICSv00_spectral_smoothing.json', 'models/sound_localization/IHC0320/arch03/EVAL_PSYCHOPHYSICSv00_spectral_smoothing.json', 'models/sound_localization/IHC0320/arch04/EVAL_PSYCHOPHYSICSv00_spectral_smoothing.json', 'models/sound_localization/IHC0320/arch05/EVAL_PSYCHOPHYSICSv00_spectral_smoothing.json', 'models/sound_localization/IHC0320/arch06/EVAL_PSYCHOPHYSICSv00_spectral_smoothing.json', 'models/sound_localization/IHC0320/arch07/EVAL_PSYCHOPHYSICSv00_spectral_smoothing.json', 'models/sound_localization/IHC0320/arch08/EVAL_PSYCHOPHYSICSv00_spectral_smoothing.json', 'models/sound_localization/IHC0320/arch09/EVAL_PSYCHOPHYSICSv00_spectral_smoothing.json', 'models/sound_localization/IHC0320/arch10/EVAL_PSYCHOPHYSICSv00_spectral_smoothing.json']",,,,4,models/sound_localization/IHC0320/arch??
"[11.207599118942731, 11.140969162995594, 12.232929515418503, 13.496696035242291, 11.509911894273127, 10.654185022026432, 10.773678414096917, 9.787444933920705, 11.930066079295154, 19.420704845814978]",12.215418502202644,0.8609978515016464,"[9.06387665198238, 10.396475770925111, 8.992290748898679, 8.95374449339207, 10.109030837004406, 8.444933920704845, 8.791850220264317, 9.506607929515418, 9.644273127753301, 12.299559471365638]",9.620264317180617,0.35354320530098515,"[15.210569745030206, 15.863951584084873, 15.412118860535507, 16.180047052232307, 15.60474736798109, 13.99109483390409, 13.938102145304855, 14.29395648330582, 15.871536729072313, 23.508264602436224]",15.987438940388728,0.8740876175101694,"['models/sound_localization/IHC0320/arch01/EVAL_PSYCHOPHYSICSv00_spectral_smoothing.json', 'models/sound_localization/IHC0320/arch02/EVAL_PSYCHOPHYSICSv00_spectral_smoothing.json', 'models/sound_localization/IHC0320/arch03/EVAL_PSYCHOPHYSICSv00_spectral_smoothing.json', 'models/sound_localization/IHC0320/arch04/EVAL_PSYCHOPHYSICSv00_spectral_smoothing.json', 'models/sound_localization/IHC0320/arch05/EVAL_PSYCHOPHYSICSv00_spectral_smoothing.json', 'models/sound_localization/IHC0320/arch06/EVAL_PSYCHOPHYSICSv00_spectral_smoothing.json', 'models/sound_localization/IHC0320/arch07/EVAL_PSYCHOPHYSICSv00_spectral_smoothing.json', 'models/sound_localization/IHC0320/arch08/EVAL_PSYCHOPHYSICSv00_spectral_smoothing.json', 'models/sound_localization/IHC0320/arch09/EVAL_PSYCHOPHYSICSv00_spectral_smoothing.json', 'models/sound_localization/IHC0320/arch10/EVAL_PSYCHOPHYSICSv00_spectral_smoothing.json']",,,,8,models/sound_localization/IHC0320/arch??
"[6.841960352422907, 6.246696035242291, 5.615638766519824, 6.927312775330397, 6.4620044052863435, 5.906387665198238, 6.556167400881058, 5.583149779735683, 6.1811674008810575, 9.211453744493392]",6.553193832599119,0.3294560997483169,"[5.345814977973569, 4.686123348017621, 4.649779735682819, 6.436123348017621, 5.030837004405286, 3.763215859030837, 7.333700440528634, 4.842511013215859, 4.909691629955947, 8.973568281938325]",5.597136563876652,0.49031098123682676,"[9.126913669265493, 8.031175034014014, 7.46792316345554, 9.467969307163566, 8.1790411105828, 7.284413931980526, 10.093440792436388, 7.679420583864222, 8.08777347018758, 13.659619794931006]",8.907769085788114,0.6012661074313783,"['models/sound_localization/IHC0320/arch01/EVAL_PSYCHOPHYSICSv00_spectral_smoothing.json', 'models/sound_localization/IHC0320/arch02/EVAL_PSYCHOPHYSICSv00_spectral_smoothing.json', 'models/sound_localization/IHC0320/arch03/EVAL_PSYCHOPHYSICSv00_spectral_smoothing.json', 'models/sound_localization/IHC0320/arch04/EVAL_PSYCHOPHYSICSv00_spectral_smoothing.json', 'models/sound_localization/IHC0320/arch05/EVAL_PSYCHOPHYSICSv00_spectral_smoothing.json', 'models/sound_localization/IHC0320/arch06/EVAL_PSYCHOPHYSICSv00_spectral_smoothing.json', 'models/sound_localization/IHC0320/arch07/EVAL_PSYCHOPHYSICSv00_spectral_smoothing.json', 'models/sound_localization/IHC0320/arch08/EVAL_PSYCHOPHYSICSv00_spectral_smoothing.json', 'models/sound_localization/IHC0320/arch09/EVAL_PSYCHOPHYSICSv00_spectral_smoothing.json', 'models/sound_localization/IHC0320/arch10/EVAL_PSYCHOPHYSICSv00_spectral_smoothing.json']",,,,16,models/sound_localization/IHC0320/arch??
"[3.0622246696035242, 2.638766519823788, 2.4895374449339207, 3.3656387665198237, 2.968612334801762, 3.1398678414096914, 3.841960352422907, 2.5165198237885464, 2.392070484581498, 6.520374449339207]",3.2935572687224672,0.38575581853352564,"[2.4140969162995596, 1.5704845814977975, 1.7621145374449338, 1.9449339207048462, 1.7048458149779735, 1.7114537444933922, 2.383259911894273, 1.6960352422907492, 1.437224669603524, 5.6255506607929515]",2.225,0.39129873288519496,"[4.142457451560812, 3.0634051419696693, 3.0826397534735985, 3.901268532252925, 3.326794200872335, 3.633323282590375, 4.753369811929941, 3.0875567686582768, 2.8298211141759015, 9.341095365662925]",4.116173142314676,0.6100840989862196,"['models/sound_localization/IHC0320/arch01/EVAL_PSYCHOPHYSICSv00_spectral_smoothing.json', 'models/sound_localization/IHC0320/arch02/EVAL_PSYCHOPHYSICSv00_spectral_smoothing.json', 'models/sound_localization/IHC0320/arch03/EVAL_PSYCHOPHYSICSv00_spectral_smoothing.json', 'models/sound_localization/IHC0320/arch04/EVAL_PSYCHOPHYSICSv00_spectral_smoothing.json', 'models/sound_localization/IHC0320/arch05/EVAL_PSYCHOPHYSICSv00_spectral_smoothing.json', 'models/sound_localization/IHC0320/arch06/EVAL_PSYCHOPHYSICSv00_spectral_smoothing.json', 'models/sound_localization/IHC0320/arch07/EVAL_PSYCHOPHYSICSv00_spectral_smoothing.json', 'models/sound_localization/IHC0320/arch08/EVAL_PSYCHOPHYSICSv00_spectral_smoothing.json', 'models/sound_localization/IHC0320/arch09/EVAL_PSYCHOPHYSICSv00_spectral_smoothing.json', 'models/sound_localization/IHC0320/arch10/EVAL_PSYCHOPHYSICSv00_spectral_smoothing.json']",,,,32,models/sound_localization/IHC0320/arch??
"[2.1965859030837005, 1.9322687224669604, 1.9994493392070485, 2.717511013215859, 1.8931718061674008, 2.677312775330397, 2.951541850220264, 1.7026431718061674, 1.7202643171806167, 6.465308370044053]",2.625605726872247,0.44876966836566534,"[1.274229074889868, 0.8480176211453745, 1.0572687224669601, 1.3447136563876652, 0.6233480176211453, 0.895374449339207, 1.6013215859030836, 0.5759911894273128, 0.7555066079295153, 4.21806167400881]",1.3193832599118942,0.3384643928857823,"[2.5946125940730167, 2.0262734087597245, 2.306722657344567, 2.9458179392495394, 1.8405868555302316, 2.7563040488633375, 3.48351875268179, 1.72451098846149, 1.87932713766981, 8.206641025908077]",2.9764315408541586,0.6075433634839633,"['models/sound_localization/IHC0320/arch01/EVAL_PSYCHOPHYSICSv00_spectral_smoothing.json', 'models/sound_localization/IHC0320/arch02/EVAL_PSYCHOPHYSICSv00_spectral_smoothing.json', 'models/sound_localization/IHC0320/arch03/EVAL_PSYCHOPHYSICSv00_spectral_smoothing.json', 'models/sound_localization/IHC0320/arch04/EVAL_PSYCHOPHYSICSv00_spectral_smoothing.json', 'models/sound_localization/IHC0320/arch05/EVAL_PSYCHOPHYSICSv00_spectral_smoothing.json', 'models/sound_localization/IHC0320/arch06/EVAL_PSYCHOPHYSICSv00_spectral_smoothing.json', 'models/sound_localization/IHC0320/arch07/EVAL_PSYCHOPHYSICSv00_spectral_smoothing.json', 'models/sound_localization/IHC0320/arch08/EVAL_PSYCHOPHYSICSv00_spectral_smoothing.json', 'models/sound_localization/IHC0320/arch09/EVAL_PSYCHOPHYSICSv00_spectral_smoothing.json', 'models/sound_localization/IHC0320/arch10/EVAL_PSYCHOPHYSICSv00_spectral_smoothing.json']",,,,64,models/sound_localization/IHC0320/arch??
"[2.079295154185022, 1.7527533039647574, 2.0148678414096914, 2.5864537444933915, 1.8364537444933922, 2.656387665198238, 2.9344713656387666, 1.6850220264317182, 1.7153083700440528, 6.781387665198238]",2.604240088105727,0.4845761514216927,"[1.1486784140969164, 0.7621145374449338, 0.9757709251101322, 1.3337004405286343, 0.6101321585903082, 0.8876651982378854, 1.4889867841409692, 0.5418502202643172, 0.6299559471365638, 4.115638766519824]",1.2494493392070485,0.33376889758523437,"[2.4361931748877117, 1.839261127316551, 2.2466212644950243, 2.8717887549897037, 1.8293899529747921, 2.7168045463880612, 3.3882921868976696, 1.7300609135571159, 1.812587913719348, 8.360972587650568]",2.9231972422876544,0.6285277513023572,"['models/sound_localization/IHC0320/arch01/EVAL_PSYCHOPHYSICSv00_spectral_smoothing.json', 'models/sound_localization/IHC0320/arch02/EVAL_PSYCHOPHYSICSv00_spectral_smoothing.json', 'models/sound_localization/IHC0320/arch03/EVAL_PSYCHOPHYSICSv00_spectral_smoothing.json', 'models/sound_localization/IHC0320/arch04/EVAL_PSYCHOPHYSICSv00_spectral_smoothing.json', 'models/sound_localization/IHC0320/arch05/EVAL_PSYCHOPHYSICSv00_spectral_smoothing.json', 'models/sound_localization/IHC0320/arch06/EVAL_PSYCHOPHYSICSv00_spectral_smoothing.json', 'models/sound_localization/IHC0320/arch07/EVAL_PSYCHOPHYSICSv00_spectral_smoothing.json', 'models/sound_localization/IHC0320/arch08/EVAL_PSYCHOPHYSICSv00_spectral_smoothing.json', 'models/sound_localization/IHC0320/arch09/EVAL_PSYCHOPHYSICSv00_spectral_smoothing.json', 'models/sound_localization/IHC0320/arch10/EVAL_PSYCHOPHYSICSv00_spectral_smoothing.json']",,,,128,models/sound_localization/IHC0320/arch??
"[2.0479074889867843, 1.7885462555066078, 2.0352422907488985, 2.535242290748898, 1.854625550660793, 2.670704845814978, 2.8270925110132157, 1.7285242290748901, 1.656387665198238, 5.569383259911894]",2.4713656387665197,0.3681817880973117,"[1.1167400881057268, 0.736784140969163, 1.0143171806167401, 1.2808370044052864, 0.5814977973568282, 0.8623348017621144, 1.4614537444933922, 0.551762114537445, 0.7037444933920705, 3.765418502202643]",1.207488986784141,0.29953163110962894,"[2.376053273430178, 1.842546599232806, 2.3210610878576197, 2.773380822553388, 1.819411268136769, 2.7241975387631308, 3.25315301225484, 1.777147681336064, 1.8189355833175298, 7.183368207605695]",2.788925507448802,0.5133830223305959,"['models/sound_localization/IHC0320/arch01/EVAL_PSYCHOPHYSICSv00_spectral_smoothing.json', 'models/sound_localization/IHC0320/arch02/EVAL_PSYCHOPHYSICSv00_spectral_smoothing.json', 'models/sound_localization/IHC0320/arch03/EVAL_PSYCHOPHYSICSv00_spectral_smoothing.json', 'models/sound_localization/IHC0320/arch04/EVAL_PSYCHOPHYSICSv00_spectral_smoothing.json', 'models/sound_localization/IHC0320/arch05/EVAL_PSYCHOPHYSICSv00_spectral_smoothing.json', 'models/sound_localization/IHC0320/arch06/EVAL_PSYCHOPHYSICSv00_spectral_smoothing.json', 'models/sound_localization/IHC0320/arch07/EVAL_PSYCHOPHYSICSv00_spectral_smoothing.json', 'models/sound_localization/IHC0320/arch08/EVAL_PSYCHOPHYSICSv00_spectral_smoothing.json', 'models/sound_localization/IHC0320/arch09/EVAL_PSYCHOPHYSICSv00_spectral_smoothing.json', 'models/sound_localization/IHC0320/arch10/EVAL_PSYCHOPHYSICSv00_spectral_smoothing.json']",,,,256,models/sound_localization/IHC0320/arch??
"[22.598568281938327, 20.037995594713657, 33.89812775330397, 23.259361233480178, 22.86784140969163, 38.70319383259912, 66.48458149779735, 21.936674008810574, 24.381607929515418, 52.118942731277535]",32.62868942731278,4.931895502541629,"[17.420704845814978, 18.066079295154186, 18.941629955947135, 22.099118942731277, 21.955947136563875, 19.97466960352423, 21.856828193832598, 20.68942731277533, 19.325991189427313, 23.93612334801762]",20.426651982378853,0.6480379602119228,"[29.519482993746593, 28.690606690249023, 38.988952746033135, 34.801022464542996, 33.1743206461463, 44.81459831400159, 61.92623493854444, 33.5566109682985, 32.83468801277596, 52.903488751207604]",39.12100065255461,3.4447348122034347,"['models/sound_localization/IHC0050/arch01/EVAL_PSYCHOPHYSICSv00_spectral_smoothing.json', 'models/sound_localization/IHC0050/arch02/EVAL_PSYCHOPHYSICSv00_spectral_smoothing.json', 'models/sound_localization/IHC0050/arch03/EVAL_PSYCHOPHYSICSv00_spectral_smoothing.json', 'models/sound_localization/IHC0050/arch04/EVAL_PSYCHOPHYSICSv00_spectral_smoothing.json', 'models/sound_localization/IHC0050/arch05/EVAL_PSYCHOPHYSICSv00_spectral_smoothing.json', 'models/sound_localization/IHC0050/arch06/EVAL_PSYCHOPHYSICSv00_spectral_smoothing.json', 'models/sound_localization/IHC0050/arch07/EVAL_PSYCHOPHYSICSv00_spectral_smoothing.json', 'models/sound_localization/IHC0050/arch08/EVAL_PSYCHOPHYSICSv00_spectral_smoothing.json', 'models/sound_localization/IHC0050/arch09/EVAL_PSYCHOPHYSICSv00_spectral_smoothing.json', 'models/sound_localization/IHC0050/arch10/EVAL_PSYCHOPHYSICSv00_spectral_smoothing.json']",,,,1,models/sound_localization/IHC0050/arch??
"[28.30286343612335, 20.245044052863435, 22.615088105726873, 24.62224669603524, 19.83259911894273, 33.15748898678414, 47.9124449339207, 19.55726872246696, 20.46861233480176, 37.54680616740088]",27.426046255506606,2.993136491522444,"[20.43281938325991, 20.35022026431718, 19.340308370044053, 21.303964757709252, 21.52202643171806, 21.680616740088105, 19.42511013215859, 21.435022026431717, 21.070484581497798, 22.4636563876652]",20.902422907488987,0.317073364215577,"[36.65929570048443, 30.1323304080244, 31.1173842052066, 33.73390926269151, 30.455373538698616, 40.862893693281194, 49.56822484905329, 30.88453412276754, 30.509078031676438, 43.0332352540769]",35.69562590659609,2.127034561093401,"['models/sound_localization/IHC0050/arch01/EVAL_PSYCHOPHYSICSv00_spectral_smoothing.json', 'models/sound_localization/IHC0050/arch02/EVAL_PSYCHOPHYSICSv00_spectral_smoothing.json', 'models/sound_localization/IHC0050/arch03/EVAL_PSYCHOPHYSICSv00_spectral_smoothing.json', 'models/sound_localization/IHC0050/arch04/EVAL_PSYCHOPHYSICSv00_spectral_smoothing.json', 'models/sound_localization/IHC0050/arch05/EVAL_PSYCHOPHYSICSv00_spectral_smoothing.json', 'models/sound_localization/IHC0050/arch06/EVAL_PSYCHOPHYSICSv00_spectral_smoothing.json', 'models/sound_localization/IHC0050/arch07/EVAL_PSYCHOPHYSICSv00_spectral_smoothing.json', 'models/sound_localization/IHC0050/arch08/EVAL_PSYCHOPHYSICSv00_spectral_smoothing.json', 'models/sound_localization/IHC0050/arch09/EVAL_PSYCHOPHYSICSv00_spectral_smoothing.json', 'models/sound_localization/IHC0050/arch10/EVAL_PSYCHOPHYSICSv00_spectral_smoothing.json']",,,,2,models/sound_localization/IHC0050/arch??
"[20.962555066079297, 21.623348017621144, 20.371145374449338, 25.569383259911895, 24.9465859030837, 21.06387665198238, 24.440528634361232, 19.698237885462554, 21.80011013215859, 23.92786343612335]",22.44036343612335,0.6603216475235583,"[18.904185022026432, 20.637665198237887, 20.25770925110132, 20.763215859030836, 21.933920704845814, 20.47466960352423, 20.719162995594715, 19.781938325991188, 18.62775330396476, 20.69713656387665]",20.279735682819386,0.3050134162926997,"[30.772615886666095, 33.03626150588935, 30.719323110427965, 35.98163170721459, 36.42903095865371, 32.356860893095075, 35.37654522805896, 31.107917618320336, 31.159163722636777, 35.13815652326479]",33.20775071542276,0.7301657475760404,"['models/sound_localization/IHC0050/arch01/EVAL_PSYCHOPHYSICSv00_spectral_smoothing.json', 'models/sound_localization/IHC0050/arch02/EVAL_PSYCHOPHYSICSv00_spectral_smoothing.json', 'models/sound_localization/IHC0050/arch03/EVAL_PSYCHOPHYSICSv00_spectral_smoothing.json', 'models/sound_localization/IHC0050/arch04/EVAL_PSYCHOPHYSICSv00_spectral_smoothing.json', 'models/sound_localization/IHC0050/arch05/EVAL_PSYCHOPHYSICSv00_spectral_smoothing.json', 'models/sound_localization/IHC0050/arch06/EVAL_PSYCHOPHYSICSv00_spectral_smoothing.json', 'models/sound_localization/IHC0050/arch07/EVAL_PSYCHOPHYSICSv00_spectral_smoothing.json', 'models/sound_localization/IHC0050/arch08/EVAL_PSYCHOPHYSICSv00_spectral_smoothing.json', 'models/sound_localization/IHC0050/arch09/EVAL_PSYCHOPHYSICSv00_spectral_smoothing.json', 'models/sound_localization/IHC0050/arch10/EVAL_PSYCHOPHYSICSv00_spectral_smoothing.json']",,,,4,models/sound_localization/IHC0050/arch??
"[14.222466960352422, 18.508259911894275, 16.000550660792953, 19.71751101321586, 18.95814977973568, 15.481277533039648, 15.201541850220265, 14.888215859030836, 16.38105726872247, 13.314977973568283]",16.267400881057267,0.6733310070254425,"[10.84691629955947, 12.97577092511013, 13.004405286343612, 11.61784140969163, 13.802863436123346, 12.805066079295154, 11.209251101321586, 10.843612334801762, 13.025330396475772, 10.111233480176212]",12.024229074889867,0.39314177832577163,"[18.91558222490938, 23.59891146765414, 21.69472153242333, 24.21908319612176, 24.92793959081162, 21.88316578938013, 20.06633040917458, 19.46626196481511, 21.93348621122414, 17.845646435820115]",21.45511288223343,0.7463028948209931,"['models/sound_localization/IHC0050/arch01/EVAL_PSYCHOPHYSICSv00_spectral_smoothing.json', 'models/sound_localization/IHC0050/arch02/EVAL_PSYCHOPHYSICSv00_spectral_smoothing.json', 'models/sound_localization/IHC0050/arch03/EVAL_PSYCHOPHYSICSv00_spectral_smoothing.json', 'models/sound_localization/IHC0050/arch04/EVAL_PSYCHOPHYSICSv00_spectral_smoothing.json', 'models/sound_localization/IHC0050/arch05/EVAL_PSYCHOPHYSICSv00_spectral_smoothing.json', 'models/sound_localization/IHC0050/arch06/EVAL_PSYCHOPHYSICSv00_spectral_smoothing.json', 'models/sound_localization/IHC0050/arch07/EVAL_PSYCHOPHYSICSv00_spectral_smoothing.json', 'models/sound_localization/IHC0050/arch08/EVAL_PSYCHOPHYSICSv00_spectral_smoothing.json', 'models/sound_localization/IHC0050/arch09/EVAL_PSYCHOPHYSICSv00_spectral_smoothing.json', 'models/sound_localization/IHC0050/arch10/EVAL_PSYCHOPHYSICSv00_spectral_smoothing.json']",,,,8,models/sound_localization/IHC0050/arch??
"[9.344162995594713, 11.515969162995594, 10.692180616740089, 12.765969162995598, 12.772577092511014, 10.1431718061674, 11.763766519823788, 10.242290748898679, 11.144823788546255, 10.40308370044053]",11.078799559471367,0.3585504182896502,"[4.534140969162996, 6.02863436123348, 6.669603524229074, 8.015418502202643, 6.897577092511013, 5.492290748898679, 6.493392070484581, 5.115638766519824, 5.259911894273127, 7.599118942731278]",6.210572687224669,0.3560632016612691,"[10.74640177091019, 13.212797644254618, 13.734127005397097, 17.11781894963096, 15.440213814721618, 12.240599721151293, 14.718698292681639, 11.577142826934196, 12.823236967489553, 14.16583953036903]",13.577687652354019,0.5979812197185338,"['models/sound_localization/IHC0050/arch01/EVAL_PSYCHOPHYSICSv00_spectral_smoothing.json', 'models/sound_localization/IHC0050/arch02/EVAL_PSYCHOPHYSICSv00_spectral_smoothing.json', 'models/sound_localization/IHC0050/arch03/EVAL_PSYCHOPHYSICSv00_spectral_smoothing.json', 'models/sound_localization/IHC0050/arch04/EVAL_PSYCHOPHYSICSv00_spectral_smoothing.json', 'models/sound_localization/IHC0050/arch05/EVAL_PSYCHOPHYSICSv00_spectral_smoothing.json', 'models/sound_localization/IHC0050/arch06/EVAL_PSYCHOPHYSICSv00_spectral_smoothing.json', 'models/sound_localization/IHC0050/arch07/EVAL_PSYCHOPHYSICSv00_spectral_smoothing.json', 'models/sound_localization/IHC0050/arch08/EVAL_PSYCHOPHYSICSv00_spectral_smoothing.json', 'models/sound_localization/IHC0050/arch09/EVAL_PSYCHOPHYSICSv00_spectral_smoothing.json', 'models/sound_localization/IHC0050/arch10/EVAL_PSYCHOPHYSICSv00_spectral_smoothing.json']",,,,16,models/sound_localization/IHC0050/arch??
"[2.4845814977973575, 2.9922907488986783, 2.430066079295154, 3.0655286343612334, 3.127753303964758, 2.49284140969163, 3.312775330396476, 3.8805066079295147, 2.7769823788546257, 3.9289647577092515]",3.049229074889868,0.17094387446138512,"[1.9361233480176212, 1.8359030837004402, 2.3006607929515415, 2.914096916299559, 1.6651982378854624, 1.604625550660793, 2.6134361233480172, 1.4944933920704846, 1.3314977973568283, 3.6674008810572687]",2.1363436123348016,0.23329659661879976,"[3.394459759224347, 3.7092459686465116, 3.678008697737806, 4.941983626134865, 3.764998788759239, 3.139616645658565, 4.557660533834218, 3.7212894456155343, 3.1162327748497516, 5.7735892463255984]",3.9797085486786434,0.26975141361763144,"['models/sound_localization/IHC0050/arch01/EVAL_PSYCHOPHYSICSv00_spectral_smoothing.json', 'models/sound_localization/IHC0050/arch02/EVAL_PSYCHOPHYSICSv00_spectral_smoothing.json', 'models/sound_localization/IHC0050/arch03/EVAL_PSYCHOPHYSICSv00_spectral_smoothing.json', 'models/sound_localization/IHC0050/arch04/EVAL_PSYCHOPHYSICSv00_spectral_smoothing.json', 'models/sound_localization/IHC0050/arch05/EVAL_PSYCHOPHYSICSv00_spectral_smoothing.json', 'models/sound_localization/IHC0050/arch06/EVAL_PSYCHOPHYSICSv00_spectral_smoothing.json', 'models/sound_localization/IHC0050/arch07/EVAL_PSYCHOPHYSICSv00_spectral_smoothing.json', 'models/sound_localization/IHC0050/arch08/EVAL_PSYCHOPHYSICSv00_spectral_smoothing.json', 'models/sound_localization/IHC0050/arch09/EVAL_PSYCHOPHYSICSv00_spectral_smoothing.json', 'models/sound_localization/IHC0050/arch10/EVAL_PSYCHOPHYSICSv00_spectral_smoothing.json']",,,,32,models/sound_localization/IHC0050/arch??
"[1.743392070484582, 1.8034140969162995, 1.6916299559471368, 2.4410792951541853, 2.1800660792951545, 1.8348017621145376, 2.8436123348017626, 2.5985682819383253, 1.6525330396475773, 3.18557268722467]",2.197466960352423,0.1719237740224556,"[0.5737885462555065, 0.6057268722466961, 0.9966960352422908, 1.041850220264317, 0.501101321585903, 0.5770925110132159, 1.3237885462555066, 0.6321585903083701, 0.4030837004405285, 1.829295154185022]",0.8484581497797355,0.1422500544181892,"[1.7586642943546282, 1.7648979179115842, 2.069852733932024, 2.78205584593733, 2.154145023721931, 1.8226720289305083, 3.263303196561599, 2.3119024476718795, 1.5478082741523636, 3.89607415394243]",2.337137591711628,0.2390115678305809,"['models/sound_localization/IHC0050/arch01/EVAL_PSYCHOPHYSICSv00_spectral_smoothing.json', 'models/sound_localization/IHC0050/arch02/EVAL_PSYCHOPHYSICSv00_spectral_smoothing.json', 'models/sound_localization/IHC0050/arch03/EVAL_PSYCHOPHYSICSv00_spectral_smoothing.json', 'models/sound_localization/IHC0050/arch04/EVAL_PSYCHOPHYSICSv00_spectral_smoothing.json', 'models/sound_localization/IHC0050/arch05/EVAL_PSYCHOPHYSICSv00_spectral_smoothing.json', 'models/sound_localization/IHC0050/arch06/EVAL_PSYCHOPHYSICSv00_spectral_smoothing.json', 'models/sound_localization/IHC0050/arch07/EVAL_PSYCHOPHYSICSv00_spectral_smoothing.json', 'models/sound_localization/IHC0050/arch08/EVAL_PSYCHOPHYSICSv00_spectral_smoothing.json', 'models/sound_localization/IHC0050/arch09/EVAL_PSYCHOPHYSICSv00_spectral_smoothing.json', 'models/sound_localization/IHC0050/arch10/EVAL_PSYCHOPHYSICSv00_spectral_smoothing.json']",,,,64,models/sound_localization/IHC0050/arch??
"[1.7698237885462558, 1.7533039647577093, 1.7417400881057272, 2.4911894273127753, 2.1938325991189433, 1.7852422907488987, 2.889317180616741, 2.666299559471365, 1.668502202643172, 3.18557268722467]",2.2144823788546257,0.17625057404253078,"[0.51431718061674, 0.6640969162995595, 0.8226872246696034, 1.1024229074889866, 0.5330396475770924, 0.5011013215859031, 1.277533039647577, 0.6200440528634361, 0.41629955947136565, 1.6167400881057268]",0.806828193832599,0.12591500662688437,"[1.7223652450021554, 1.778535752923996, 1.947294180026069, 2.8791917334403303, 2.1921109785911637, 1.715320449333861, 3.2885959714323847, 2.312244570220331, 1.562022863682862, 3.686839060634749]",2.3084520805287903,0.2324658142132698,"['models/sound_localization/IHC0050/arch01/EVAL_PSYCHOPHYSICSv00_spectral_smoothing.json', 'models/sound_localization/IHC0050/arch02/EVAL_PSYCHOPHYSICSv00_spectral_smoothing.json', 'models/sound_localization/IHC0050/arch03/EVAL_PSYCHOPHYSICSv00_spectral_smoothing.json', 'models/sound_localization/IHC0050/arch04/EVAL_PSYCHOPHYSICSv00_spectral_smoothing.json', 'models/sound_localization/IHC0050/arch05/EVAL_PSYCHOPHYSICSv00_spectral_smoothing.json', 'models/sound_localization/IHC0050/arch06/EVAL_PSYCHOPHYSICSv00_spectral_smoothing.json', 'models/sound_localization/IHC0050/arch07/EVAL_PSYCHOPHYSICSv00_spectral_smoothing.json', 'models/sound_localization/IHC0050/arch08/EVAL_PSYCHOPHYSICSv00_spectral_smoothing.json', 'models/sound_localization/IHC0050/arch09/EVAL_PSYCHOPHYSICSv00_spectral_smoothing.json', 'models/sound_localization/IHC0050/arch10/EVAL_PSYCHOPHYSICSv00_spectral_smoothing.json']",,,,128,models/sound_localization/IHC0050/arch??
"[1.8557268722466962, 1.7769823788546255, 1.825991189427313, 2.493392070484582, 2.198788546255507, 1.7511013215859028, 2.8513215859030843, 2.664096916299559, 1.6866740088105727, 3.1960352422907494]",2.2300110132158593,0.17033071774767078,"[0.4768722466960352, 0.5693832599118943, 0.8535242290748899, 1.0121145374449338, 0.49008810572687217, 0.4944933920704846, 1.1927312775330396, 0.6982378854625552, 0.4339207048458149, 1.6332599118942732]",0.7854625550660793,0.12408101555590667,"[1.7563046538949354, 1.736280385072328, 2.0399087086944094, 2.765324939784518, 2.178437915102266, 1.6740872484048808, 3.1744693618468975, 2.3753053793802152, 1.6057551193032382, 3.71569256947191]",2.3021566280955597,0.2251070309943885,"['models/sound_localization/IHC0050/arch01/EVAL_PSYCHOPHYSICSv00_spectral_smoothing.json', 'models/sound_localization/IHC0050/arch02/EVAL_PSYCHOPHYSICSv00_spectral_smoothing.json', 'models/sound_localization/IHC0050/arch03/EVAL_PSYCHOPHYSICSv00_spectral_smoothing.json', 'models/sound_localization/IHC0050/arch04/EVAL_PSYCHOPHYSICSv00_spectral_smoothing.json', 'models/sound_localization/IHC0050/arch05/EVAL_PSYCHOPHYSICSv00_spectral_smoothing.json', 'models/sound_localization/IHC0050/arch06/EVAL_PSYCHOPHYSICSv00_spectral_smoothing.json', 'models/sound_localization/IHC0050/arch07/EVAL_PSYCHOPHYSICSv00_spectral_smoothing.json', 'models/sound_localization/IHC0050/arch08/EVAL_PSYCHOPHYSICSv00_spectral_smoothing.json', 'models/sound_localization/IHC0050/arch09/EVAL_PSYCHOPHYSICSv00_spectral_smoothing.json', 'models/sound_localization/IHC0050/arch10/EVAL_PSYCHOPHYSICSv00_spectral_smoothing.json']",,,,256,models/sound_localization/IHC0050/arch??
